USE transfer_db;

INSERT INTO db_managers (username, password) VALUES
('admin', SHA2('admin', 256)),
('kevin', SHA2('K3v!n#2024', 256)),
('bob', SHA2('Bob@Secure88', 256)),
('admin1', SHA2('326593', 256)),
('jessica', SHA2('secretpw.33#', 256)),
('admin2', SHA2('admin2pw', 256)),
('fatima', SHA2('F4tima!DBmngr', 256)),
('yusuf', SHA2('Yu$ufSecure1', 256)),
('maria', SHA2('M@r1a321', 256));

INSERT INTO persons (person_ID, username, password, name, surname, nationality, date_of_birth) VALUES
(1, 'burak_yilmaz', SHA2('hash_Str0ng!1', 256), 'Burak', 'Yilmaz', 'Türkiye', '1985-07-15'),
(2, 'arda_guler', SHA2('hash_Str0ng!2', 256), 'Arda', 'Guler', 'Türkiye', '2005-02-25'),
(3, 'gedson_fernandes', SHA2('hash_Str0ng!3', 256), 'Gedson', 'Fernandes', 'Portugal', '1999-01-09'),
(4, 'fernando_muslera', SHA2('hash_Str0ng!4', 256), 'Fernando', 'Muslera', 'Uruguay', '1986-06-16'),
(5, 'altay_bayindir', SHA2('hash_1', 256), 'Altay', 'Bayindir', 'Türkiye', '1998-04-14'),
(6, 'ferdi_kadioglu', SHA2('hash_2', 256), 'Ferdi', 'Kadioglu', 'Türkiye', '1999-10-07'),
(7, 'caglar_soyuncu', SHA2('hash_3', 256), 'Caglar', 'Soyuncu', 'Türkiye', '1996-05-23'),
(8, 'ozan_kabak', SHA2('hash_4', 256), 'Ozan', 'Kabak', 'Türkiye', '2000-03-25'),
(9, 'salih_ozcan', SHA2('hash_5', 256), 'Salih', 'Ozcan', 'Türkiye', '1998-01-11'),
(10, 'hakan_calhanoglu', SHA2('hash_6', 256), 'Hakan', 'Calhanoglu', 'Türkiye', '1994-02-08'),
(11, 'orkun_kokcu', SHA2('hash_7', 256), 'Orkun', 'Kokcu', 'Türkiye', '2000-12-29'),
(12, 'kerem_akturkoglu', SHA2('hash_8', 256), 'Kerem', 'Akturkoglu', 'Türkiye', '1998-10-21'),
(13, 'baris_yilmaz', SHA2('hash_9', 256), 'Baris', 'Yilmaz', 'Türkiye', '2000-05-23'),
(14, 'enes_unal', SHA2('hash_10', 256), 'Enes', 'Unal', 'Türkiye', '1997-05-10'),
(15, 'cengiz_under', SHA2('hash_11', 256), 'Cengiz', 'Under', 'Türkiye', '1997-07-14'),
(16, 'arzgr222', SHA2('arzgr222', 256), 'Abdullah', 'Rüzgar', 'Türkiye', '2003-06-26'),
(17, 'berkgkts', SHA2('berkgkts', 256), 'Berk', 'Göktaş', 'Türkiye', '2004-01-01'),
(18, 'b_ayd23', SHA2('b_ayd23', 256), 'Poyraz', 'Güneşçelik', 'Türkiye', '2003-12-12'),
(1001, 'cuneyt_cakir', SHA2('hash_R3feree!', 256), 'Cuneyt', 'Cakir', 'Türkiye', '1976-11-23'),
(1002, 'halil_meler', SHA2('hash_R3feree2', 256), 'Halil', 'Meler', 'Türkiye', '1986-08-01'),
(1003, 'michael_oliver', SHA2('hash_Ref03', 256), 'Michael', 'Oliver', 'England', '1985-02-20'),
(1004, 'anthony_taylor', SHA2('hash_Ref04', 256), 'Anthony', 'Taylor', 'England', '1978-10-20'),
(1005, 'szymon_marciniak', SHA2('hash_Ref05', 256), 'Szymon', 'Marciniak', 'Poland', '1981-01-07'),
(1006, 'stephanie_frappart', SHA2('hash_Ref06', 256), 'Stephanie', 'Frappart', 'France', '1983-12-14'),
(1007, 'ali_palabiyik', SHA2('hash_Ref07', 256), 'Ali', 'Palabiyik', 'Türkiye', '1981-08-14'),
(2001, 'fatih_terim', SHA2('hash_M@nager1', 256), 'Fatih', 'Terim', 'Türkiye', '1953-09-04'),
(2002, 'jorge_jesus', SHA2('hash_M@nager2', 256), 'Jorge', 'Jesus', 'Portugal', '1954-07-24'),
(2003, 'ismail_kartal', SHA2('hash_M3', 256), 'Ismail', 'Kartal', 'Türkiye', '1961-05-25'),
(2004, 'pep_guardiola', SHA2('hash_M4', 256), 'Pep', 'Guardiola', 'Spain', '1971-01-18'),
(2005, 'jurgen_klopp', SHA2('hash_M5', 256), 'Jurgen', 'Klopp', 'Germany', '1967-06-16'),
(2006, 'sergen_yalcin', SHA2('hash_M6', 256), 'Sergen', 'Yalcin', 'Türkiye', '1972-10-05'),
(2007, 'okan_buruk', SHA2('hash_M7', 256), 'Okan', 'Buruk', 'Türkiye', '1973-10-19'),
(2008, 'jose_mourinho', SHA2('hash_M8', 256), 'Jose', 'Mourinho', 'Portugal', '1963-01-26'),
(2009, 'volkan_demirel', SHA2('hash_M9', 256), 'Volkan', 'Demirel', 'Türkiye', '1981-10-27'),
(2010, 'clubs_coach', SHA2('coach123', 256), 'Anonymus', 'Coach', 'Zimbabve', '2000-01-01');

INSERT INTO players (person_ID, main_position, strong_foot, market_value, height) VALUES
(1, 'Forward', 'Right', 500000, 188),
(2, 'Midfielder', 'Left', 30000000, 175),
(3, 'Midfielder', 'Right', 15000000, 181),
(4, 'Goalkeeper', 'Right', 1000000, 190),
(5, 'Goalkeeper', 'Right', 10000000, 198),
(6, 'Defender', 'Right', 20000000, 174),
(7, 'Defender', 'Right', 15000000, 185),
(8, 'Defender', 'Right', 12000000, 186),
(9, 'Midfielder', 'Right', 13000000, 182),
(10, 'Midfielder', 'Right', 35000000, 178),
(11, 'Midfielder', 'Right', 30000000, 175),
(12, 'Forward', 'Right', 18000000, 173),
(13, 'Forward', 'Right', 15000000, 186),
(14, 'Forward', 'Right', 25000000, 187),
(15, 'Forward', 'Left', 16000000, 173),
(16, 'Forward', 'Both', 185000000, 183),
(17, 'Forward', 'Right', 78000000, 178),
(18, 'Midfielder', 'Right', 123000000, 177);

INSERT INTO managers (person_ID, preferred_formation, experience_level) VALUES
(2001, '4-4-2', 'Expert'),
(2002, '4-1-3-2', 'Expert'),
(2003, '4-2-3-1', 'Advanced'),
(2004, '4-3-3', 'Expert'),
(2005, '4-3-3', 'Expert'),
(2006, '4-2-3-1', 'Advanced'),
(2007, '4-2-3-1', 'Advanced'),
(2008, '4-2-3-1', 'Expert'),
(2009, '4-2-3-1', 'Intermediate'),
(2010, '4-3-3', 'Intermediate');

INSERT INTO referees (person_ID, license_level, years_of_experience) VALUES
(1001, 'FIFA', 20),
(1002, 'FIFA', 10),
(1003, 'UEFA Elite', 15),
(1004, 'UEFA Elite', 18),
(1005, 'FIFA', 14),
(1006, 'FIFA', 12),
(1007, 'National', 12);

INSERT INTO stadiums (stadium_ID, stadium_name, city, capacity) VALUES
(1, 'Etihad Stadium', 'Manchester', 53400),
(2, 'Ülker Stadyumu', 'Istanbul', 50530),
(3, 'RAMS Park', 'Istanbul', 52280),
(4, 'Tüpraş Stadyumu', 'Istanbul', 42590),
(5, 'Anfield', 'Liverpool', 61276),
(6, 'Mersin Stadyumu', 'Mersin', 25534),
(7, 'Atatürk Olympic Stadium', 'Istanbul', 74753),
(8, 'Gürsel Aksel Stadium', 'Izmir', 20035),
(9, 'Papara Park', 'Trabzon', 40782),
(10, 'Corendon Airlines Park', 'Antalya', 32537),
(11, 'Eryaman Stadium', 'Ankara', 22000),
(12, 'Liberty Stadium', 'Swansea', 20532);

INSERT INTO clubs (club_ID, club_name, foundation_year, manager_ID, stadium_ID) VALUES
(1, 'Galatasaray SK', 1905, 2007, 3),
(2, 'Fenerbahçe SK', 1907, 2008, 2),
(3, 'Beşiktaş JK', 1903, 2006, 4),
(4, 'Manchester City FC', 1880, 2004, 1),
(5, 'Liverpool FC', 1892, 2005, 5),
(6, 'Trabzonspor', 1967, 2001, 9),
(7, 'Hatayspor', 1967, 2009, 6),
(8, 'YENIDEN DOGUS', 2025, 2010, 12),
(9, 'Real Callejon', 2020, NULL, NULL),
(10, 'ALJANDAL FC', 2020, NULL, NULL),
(11, 'Galtza CF', 2020, NULL, NULL),
(12, 'Catania FCA', 2020, NULL, NULL),
(13, 'FC PPS', 2020, NULL, NULL),
(14, 'Parco FCI', 2020, NULL, NULL),
(15, 'Carini FC', 1999, NULL, NULL),
(16, 'seb degage', 1977, NULL, NULL);

INSERT INTO competitions (competition_ID, name, season, country, competition_type) VALUES
(1, 'Super Lig', '2025/2026', 'Türkiye', 'League'),
(2, 'Türkiye Kupasi', '2025/2026', 'Türkiye', 'Cup'),
(3, 'Premier League', '2025/2026', 'England', 'League'),
(4, 'FA Cup', '2025/2026', 'England', 'Cup'),
(5, 'UEFA Champions League', '2025/2026', 'International', 'Cup'),
(6, 'UEFA Europa League', '2025/2026', 'International', 'Cup'),
(7, 'Super Lig', '2024/2025', 'Türkiye', 'League'),
(8, 'Premier League', '2024/2025', 'England', 'League'),
(9, 'Pro Clubs League', '2025/2026', 'International', 'League'),
(10, 'Pro Clubs Playoffs', '2025/2026', 'International', 'League');

INSERT INTO matches (match_ID, competition_ID, home_club_ID, away_club_ID, stadium_ID, referee_ID, match_datetime, attendance, home_goals, away_goals) VALUES
(1, 1, 1, 2, 1, 1001, '2026-04-15 19:00:00', 40000, 2, 1),
(2, 1, 3, 4, 1, 1001, '2026-04-15 20:00:00', NULL, NULL, NULL),
(3, 1, 1, 3, 1, 1002, '2025-10-10 19:00:00', 44000, 3, 0),
(4, 1, 3, 1, 3, 1001, '2025-11-22 20:00:00', 51000, 1, 1),
(5, 2, 5, 6, 4, 1002, '2026-05-01 21:00:00', NULL, NULL, NULL),
(6, 1, 2, 5, 2, 1001, '2026-05-10 18:00:00', 55000, NULL, NULL),
(7, 1, 6, 7, 5, 1002, '2026-05-15 14:00:00', NULL, NULL, NULL),
(8, 1, 7, 1, 6, 1002, '2026-05-15 15:00:00', NULL, NULL, NULL),
(9, 9, 8, 9, 12, 1003, '2026-03-13 15:00:00', 20123, 1, 5),
(10, 9, 8, 10, 12, 1004, '2026-03-13 17:00:00', 19599, 1, 3),
(11, 9, 8, 11, 12, 1005, '2026-03-13 21:00:00', 18000, 4, 5),
(12, 9, 8, 12, 12, 1003, '2026-03-13 23:00:00', 20000, 5, 6),
(13, 9, 8, 13, 12, 1004, '2026-03-14 17:00:00', 22000, 3, 2),
(14, 10, 8, 14, 12, 1002, '2026-03-12 12:00:00', 22400, 7, 3),
(15, 10, 8, 15, 12, 1006, '2026-03-12 14:00:00', 22400, 6, 1),
(16, 10, 8, 16, 12, 1005, '2026-03-10 14:00:00', 21900, 5, 3);

INSERT INTO match_stats (match_ID, player_ID, club_ID, is_starter, minutes_played, position_in_match, goals, assists, yellow_cards, red_cards, rating) VALUES
(1, 4, 1, True, 90, 'GK', 0, 0, 0, 0, 7.5),
(1, 2, 1, True, 90, 'CM', 1, 0, 0, 0, 8.2),
(1, 3, 1, True, 90, 'CAM', 0, 1, 1, 0, 7.0),
(1, 1, 1, True, 90, 'ST', 1, 0, 0, 0, 7.8),
(1, 14, 2, True, 90, 'ST', 1, 0, 0, 0, 7.2),
(1, 15, 2, True, 90, 'CF', 0, 1, 0, 0, 6.8),
(3, 10, 1, True, 90, 'CDM', 1, 2, 0, 0, 9.2),
(3, 12, 1, True, 85, 'LW', 2, 0, 0, 0, 8.8),
(3, 11, 1, True, 90, 'RM', 0, 1, 1, 0, 7.5),
(3, 5, 1, True, 90, 'GK', 0, 0, 0, 0, 7.8),
(3, 7, 1, True, 90, 'RB', 0, 0, 1, 0, 7.1),
(3, 9, 1, False, 5, 'ST', 0, 0, 0, 0, 6.0),
(3, 16, 3, True, 90, 'GK', 0, 0, 0, 0, 5.5),
(3, 17, 3, True, 90, 'CM', 0, 0, 1, 0, 6.0),
(4, 10, 1, True, 90, 'CAM', 1, 0, 0, 0, 8.0),
(4, 12, 1, True, 90, 'RW', 0, 1, 0, 0, 7.4),
(4, 6, 1, True, 90, 'CB', 0, 0, 0, 0, 7.0),
(4, 16, 3, True, 90, 'GK', 0, 0, 0, 0, 7.1),
(4, 18, 3, True, 90, 'ST', 1, 0, 0, 0, 7.8),
(9, 16, 8, True, 90, 'ST', 1, 0, 0, 0, 7.2),
(9, 17, 8, True, 90, 'LW', 0, 1, 0, 0, 7.0),
(9, 18, 8, True, 90, 'CAM', 0, 0, 0, 0, 6.7),
(10, 16, 8, True, 90, 'ST', 1, 0, 0, 0, 7.8),
(10, 17, 8, True, 90, 'LW', 0, 0, 1, 0, 6.6),
(10, 18, 8, True, 90, 'CAM', 0, 1, 0, 0, 9.1),
(11, 16, 8, True, 90, 'ST', 1, 0, 0, 0, 7.4),
(11, 17, 8, True, 90, 'LW', 2, 1, 0, 0, 8.8),
(11, 18, 8, True, 90, 'CAM', 1, 1, 1, 0, 9.0),
(12, 16, 8, True, 90, 'ST', 5, 0, 0, 0, 10.0),
(12, 17, 8, True, 90, 'LW', 0, 1, 0, 0, 7.0),
(12, 18, 8, True, 90, 'CAM', 0, 2, 0, 0, 8.6),
(13, 16, 8, True, 90, 'ST', 2, 0, 0, 0, 8.6),
(13, 17, 8, True, 90, 'LW', 1, 2, 0, 0, 8.5),
(13, 18, 8, True, 90, 'CAM', 0, 1, 0, 0, 9.6),
(14, 16, 8, True, 90, 'ST', 5, 0, 0, 0, 10.0),
(14, 17, 8, True, 90, 'LW', 0, 0, 0, 0, 8.9),
(14, 18, 8, True, 90, 'CAM', 2, 2, 0, 0, 10.0),
(15, 16, 8, True, 90, 'ST', 2, 1, 0, 0, 10.0),
(15, 17, 8, True, 90, 'LW', 3, 3, 0, 0, 9.6),
(15, 18, 8, True, 90, 'CAM', 1, 0, 0, 0, 10.0),
(16, 16, 8, True, 90, 'ST', 2, 2, 0, 0, 10.0),
(16, 17, 8, True, 90, 'LW', 2, 1, 0, 0, 9.1),
(16, 18, 8, True, 90, 'CAM', 1, 2, 0, 0, 8.9);

INSERT INTO contracts (contract_ID, player_ID, club_ID, contract_type, weekly_wage, start_date, end_date) VALUES
(1, 2, 1, 'Permanent', 50000, '2024-01-01', '2028-01-01'),
(2, 2, 2, 'Loan', 20000, '2025-06-01', '2026-06-01'),
(3, 2, 3, 'Permanent', 80000, '2025-08-01', '2029-08-01'),
(4, 1, 4, 'Loan', 10000, '2025-01-01', '2026-01-01'),
(5, 5, 1, 'Permanent', 40000, '2024-07-01', '2028-06-30'),
(6, 6, 1, 'Permanent', 55000, '2023-07-01', '2027-06-30'),
(7, 7, 1, 'Permanent', 60000, '2024-01-15', '2027-06-30'),
(8, 8, 1, 'Permanent', 45000, '2024-08-01', '2028-06-30'),
(9, 9, 1, 'Permanent', 50000, '2023-08-01', '2026-06-30'),
(10, 10, 1, 'Permanent', 90000, '2022-07-01', '2026-06-30'),
(11, 10, 3, 'Permanent', 75000, '2018-07-01', '2022-06-30'),
(12, 11, 1, 'Permanent', 80000, '2024-07-01', '2029-06-30'),
(13, 12, 1, 'Permanent', 65000, '2021-07-01', '2026-06-30'),
(14, 13, 1, 'Permanent', 50000, '2022-07-01', '2027-06-30'),
(15, 14, 2, 'Permanent', 70000, '2023-07-01', '2027-06-30'),
(16, 16, 8, 'Permanent', 150000, '2026-01-01', '2028-12-12'),
(17, 17, 8, 'Permanent', 99000, '2026-01-01', '2028-12-12'),
(18, 18, 8, 'Permanent', 175000, '2026-02-01', '2028-12-12');

INSERT INTO transfer_record (transfer_id, player_id, from_club_id, to_club_id, transfer_date, transfer_fee, transfer_type) VALUES
(1, 10, 3, 1, '2022-07-01', 35000000, 'Purchase'),
(2, 4, 3, 1, '2023-08-01', 0, 'Free'),
(3, 2, 5, 1, '2024-01-01', 20000000, 'Purchase'),
(4, 5, 2, 1, '2024-07-01', 10000000, 'Purchase'),
(5, 1, NULL, 4, '2025-01-01', 500000, 'Loan'),
(6, 2, 1, 2, '2025-06-01', 1500000, 'Loan'),
(7, 2, 1, 3, '2025-08-01', 30000000, 'Purchase'),
(8, 6, 2, 1, '2023-07-01', 20000000, 'Purchase'),
(9, 7, 8, 1, '2024-01-15', 15000000, 'Purchase'),
(10, 14, 1, 2, '2023-07-01', 25000000, 'Purchase'),
(11, 16, NULL, 8, '2026-01-01', 0, 'Free'),
(12, 17, NULL, 8, '2026-02-01', 0, 'Free'),
(13, 18, NULL, 8, '2026-01-01', 0, 'Free');